detector,dataset,granularity,mAP_mean,mAP_std,mAP_ci95_low,mAP_ci95_high,mAP50_mean,mAP50_std,mAP50_ci95_low,mAP50_ci95_high,n_vocab,granularity_variance_mAP,drop_from_standard_mAP,robustness_to_standard
mock,toy_det,coarse,0.8455315160364846,0.0,0.8455315160364846,0.8455315160364846,1.0,0.0,1.0,1.0,6,0.0,0.0,1.0
mock,toy_det,fine,0.8455315160364846,0.0,0.8455315160364846,0.8455315160364846,1.0,0.0,1.0,1.0,6,0.0,0.0,1.0
mock,toy_det,mixed,0.8455315160364846,0.0,0.8455315160364846,0.8455315160364846,1.0,0.0,1.0,1.0,6,0.0,0.0,1.0
mock,toy_det,standard,0.8455315160364846,0.0,0.8455315160364846,0.8455315160364846,1.0,0.0,1.0,1.0,6,0.0,0.0,1.0
