{
  "total_images_processed": 8640,
  "total_runtime_sec": 21.660526037216187,
  "artifacts": 27,
  "avg_images_per_sec": 398.88227945873166,
  "approx_gpu_hours": 0.006016812788115607,
  "gpu_type": "cpu",
  "gpu_count": 0,
  "summary_hash": "98f5cabbac1b"
}