{
  "total_images_processed": 192,
  "total_runtime_sec": 0.07015419006347656,
  "artifacts": 8,
  "avg_images_per_sec": 2736.828688725157,
  "approx_gpu_hours": 1.9487275017632377e-05,
  "gpu_type": "cpu",
  "gpu_count": 0,
  "summary_hash": "37c35c0cf214"
}