detector,dataset,granularity,mAP_mean,mAP_ci95_low,mAP_ci95_high,drop_from_standard_mAP,robustness_to_standard,mAP_95ci
mock,toy_det,coarse,0.1778407976715931,0.1101345970290783,0.2455469983141079,0.3157445563267231,0.3603040410964053,"0.1778 [0.1101, 0.2455]"
mock,toy_det,counterfactual,0.4946036172272485,0.4937320754547613,0.4954751589997357,-0.0010182632289321,1.0020629932000285,"0.4946 [0.4937, 0.4955]"
mock,toy_det,fine,0.4960781829808291,0.4949976993891152,0.497158666572543,-0.0024928289825127,1.005050451684434,"0.4961 [0.4950, 0.4972]"
mock,toy_det,mixed,0.4200935060543317,0.3683867404754526,0.4718002716332109,0.0734918479439845,0.8511061008016959,"0.4201 [0.3684, 0.4718]"
mock,toy_det,standard,0.4935853539983163,0.4930488260078416,0.494121881988791,0.0,1.0,"0.4936 [0.4930, 0.4941]"
