detector,dataset,granularity,vocab_id,mAP,mAP50,mAP75,mAP_small,mAP_medium,mAP_large,mAR_1,mAR_10,mAR_100,mAR_small,mAR_medium,mAR_large,mAP_ci_low,mAP_ci_high,mAP50_ci_low,mAP50_ci_high,num_predictions
mock,toy_det,coarse,1dff153c87c3,0.0,0.0,0.0,-1.0,0.0,0.0,0.0,0.0,0.0,-1.0,0.0,0.0,0.0,0.0,0.0,0.0,120
mock,toy_det,coarse,2b5ea2c24c5b,0.0,0.0,0.0,-1.0,0.0,0.0,0.0,0.0,0.0,-1.0,0.0,0.0,0.0,0.0,0.0,0.0,96
mock,toy_det,fine,6e90290caaca,0.0,0.0,0.0,-1.0,0.0,0.0,0.0,0.0,0.0,-1.0,0.0,0.0,0.0,0.0,0.0,0.0,0
mock,toy_det,fine,80a9718ced4a,0.00033003300330033004,0.0008250825082508251,0.0,-1.0,0.0005280528052805281,0.0,0.005555555555555555,0.005555555555555555,0.005555555555555555,-1.0,0.009523809523809523,0.0,0.0,0.005335533553355336,0.0,0.013338833883388341,48
mock,toy_det,mixed,582eef73297a,0.00023913588270023912,0.0016055659620016057,0.0,-1.0,0.00462046204620462,0.00017876787678767876,0.0027777777777777775,0.004166666666666667,0.004166666666666667,-1.0,0.004166666666666667,0.004166666666666667,4.812981298129813e-05,0.0038527877177961696,0.00024064906490649064,0.021056755065750478,72
mock,toy_det,mixed,efc6edc91192,0.0,0.0,0.0,-1.0,0.0,0.0,0.0,0.0,0.0,-1.0,0.0,0.0,0.0,0.0,0.0,0.0,96
mock,toy_det,standard,90e6f0989452,0.0,0.0,0.0,-1.0,0.0,0.0,0.0,0.0,0.0,-1.0,0.0,0.0,0.0,0.0,0.0,0.0,24
mock,toy_det,standard,df6d273a01d3,0.0,0.0,0.0,-1.0,0.0,0.0,0.0,0.0,0.0,-1.0,0.0,0.0,0.0,0.0,0.0,0.0,24
