detector,dataset,granularity,mAP_mean,mAP_std,mAP_ci95_low,mAP_ci95_high,mAP50_mean,mAP50_std,mAP50_ci95_low,mAP50_ci95_high,n_vocab,granularity_variance_mAP,drop_from_standard_mAP,robustness_to_standard
mock,toy_det,coarse,0.0,0.0,0.0,0.0,0.0,0.0,0.0,0.0,2,7.0932873720396625e-09,0.0,1.0
mock,toy_det,fine,0.00016501650165016502,0.0002333685746490256,-0.0001584158415841584,0.0004884488448844884,0.00041254125412541255,0.0005834214366225639,-0.00039603960396039596,0.001221122112211221,2,7.0932873720396625e-09,-0.00016501650165016502,165017.501650165
mock,toy_det,mixed,0.00011956794135011956,0.0001690946042823699,-0.00011478522369611477,0.0003539211063963539,0.0008027829810008029,0.0011353065793736382,-0.0007706716617607706,0.0023762376237623766,2,7.0932873720396625e-09,-0.00011956794135011956,119568.94135011955
mock,toy_det,standard,0.0,0.0,0.0,0.0,0.0,0.0,0.0,0.0,2,7.0932873720396625e-09,0.0,1.0
