{
  "total_images_processed": 6720,
  "total_runtime_sec": 75.4997181892395,
  "artifacts": 21,
  "avg_images_per_sec": 89.00695474327955,
  "approx_gpu_hours": 0.020972143941455416,
  "gpu_type": "cpu",
  "gpu_count": 0,
  "summary_hash": "0bc0ae31016f"
}