{
  "total_images_processed": 192,
  "total_runtime_sec": 0.4194943904876709,
  "artifacts": 8,
  "avg_images_per_sec": 457.693843716947,
  "approx_gpu_hours": 0.00011652621957990858,
  "gpu_type": "cpu",
  "gpu_count": 0,
  "summary_hash": "3e49db669177"
}