detector,dataset,granularity,vocab_id,mAP,mAP50,mAP75,mAP_small,mAP_medium,mAP_large,mAR_1,mAR_10,mAR_100,mAR_small,mAR_medium,mAR_large,mAP_ci_low,mAP_ci_high,mAP50_ci_low,mAP50_ci_high,num_predictions
mock,toy_det,coarse,1dff153c87c3,0.0,0.0,0.0,-1.0,0.0,0.0,0.0,0.0,0.0,-1.0,0.0,0.0,0.0,0.0,0.0,0.0,48
mock,toy_det,coarse,2b5ea2c24c5b,7.5007500750075e-05,0.00075007500750075,0.0,-1.0,0.0,0.00016501650165016502,0.0013888888888888887,0.0013888888888888887,0.0013888888888888887,-1.0,0.0,0.0033333333333333335,0.0,0.0015887422075540887,0.0,0.015887422075540888,72
mock,toy_det,fine,6e90290caaca,0.0,0.0,0.0,-1.0,0.0,0.0,0.0,0.0,0.0,-1.0,0.0,0.0,0.0,0.0,0.0,0.0,144
mock,toy_det,fine,80a9718ced4a,0.0,0.0,0.0,-1.0,0.0,0.0,0.0,0.0,0.0,-1.0,0.0,0.0,0.0,0.0,0.0,0.0,48
mock,toy_det,mixed,582eef73297a,0.0003667033370003667,0.0018335166850018336,0.0,-1.0,0.0,0.0009534286762009533,0.0027777777777777775,0.0027777777777777775,0.0027777777777777775,-1.0,0.0,0.008333333333333333,0.0,0.002561056105610561,0.0,0.012805280528052805,48
mock,toy_det,mixed,efc6edc91192,0.0,0.0,0.0,-1.0,0.0,0.0,0.0,0.0,0.0,-1.0,0.0,0.0,0.0,0.0,0.0,0.0,48
mock,toy_det,standard,90e6f0989452,0.0,0.0,0.0,-1.0,0.0,0.0,0.0,0.0,0.0,-1.0,0.0,0.0,0.0,0.0,0.0,0.0,48
mock,toy_det,standard,df6d273a01d3,0.0,0.0,0.0,-1.0,0.0,0.0,0.0,0.0,0.0,-1.0,0.0,0.0,0.0,0.0,0.0,0.0,72
