detector,dataset,granularity,mAP_mean,mAP_std,mAP50_mean,mAP50_std,n_vocab,granularity_variance_mAP,drop_from_standard_mAP
mock,toy_det,coarse,3.75037503750375e-05,5.303831242023308e-05,0.000375037503750375,0.0005303831242023309,2,7.61002887411898e-09,-3.75037503750375e-05
mock,toy_det,fine,0.0,0.0,0.0,0.0,2,7.61002887411898e-09,0.0
mock,toy_det,mixed,0.00018335166850018335,0.00025929841627669506,0.0009167583425009168,0.0012964920813834755,2,7.61002887411898e-09,-0.00018335166850018335
mock,toy_det,standard,0.0,0.0,0.0,0.0,2,7.61002887411898e-09,0.0
