detector,dataset,granularity,mAP_mean,mAP_ci95_low,mAP_ci95_high,drop_from_standard_mAP,robustness_to_standard,mAP_95ci
mock,toy_det,coarse,0.0,0.0,0.0,0.0,1.0,"0.0000 [0.0000, 0.0000]"
mock,toy_det,fine,0.0001650165016501,-0.0001584158415841,0.0004884488448844,-0.0001650165016501,165017.501650165,"0.0002 [-0.0002, 0.0005]"
mock,toy_det,mixed,0.0001195679413501,-0.0001147852236961,0.0003539211063963,-0.0001195679413501,119568.94135011957,"0.0001 [-0.0001, 0.0004]"
mock,toy_det,standard,0.0,0.0,0.0,0.0,1.0,"0.0000 [0.0000, 0.0000]"
