detector,dataset,granularity,mAP_mean,mAP_std,mAP_ci95_low,mAP_ci95_high,mAP50_mean,mAP50_std,mAP50_ci95_low,mAP50_ci95_high,n_vocab,granularity_variance_mAP,drop_from_standard_mAP,robustness_to_standard
mock,toy_det,coarse,0.17784079767159314,0.08461512448809172,0.11013459702907835,0.24554699831410792,0.21290498260729487,0.09948178941936607,0.13330297250032014,0.2925069927142696,6,0.018836531086969338,0.31574455632672316,0.36030404109640535
mock,toy_det,counterfactual,0.4946036172272485,0.0007701809341155822,0.4937320754547613,0.4954751589997357,0.5798066263485132,0.0010449014111361566,0.5786242090909609,0.5809890436060655,3,0.018836531086969338,-0.0010182632289321703,1.0020629932000285
mock,toy_det,fine,0.4960781829808291,0.0013503232016065206,0.4949976993891152,0.49715866657254304,0.5809736888394195,0.0015541188965832898,0.5797301347293123,0.5822172429495266,6,0.018836531086969338,-0.002492828982512796,1.005050451684434
mock,toy_det,mixed,0.42009350605433177,0.06461999587650957,0.3683867404754526,0.4718002716332109,0.4937179562794786,0.07551801970831036,0.4332909554870159,0.5541449570719413,6,0.018836531086969338,0.07349184794398456,0.8511061008016959
mock,toy_det,standard,0.4935853539983163,0.0006705203109100953,0.49304882600784167,0.494121881988791,0.5787744129897359,0.0008881995582439748,0.5780637053252979,0.5794851206541738,6,0.018836531086969338,0.0,1.0
