detector,dataset,granularity,mAP_mean,mAP_std,mAP_ci95_low,mAP_ci95_high,mAP50_mean,mAP50_std,mAP50_ci95_low,mAP50_ci95_high,n_vocab,granularity_variance_mAP,drop_from_standard_mAP,robustness_to_standard
mock,toy_det,coarse,0.4489122882214141,0.14899589262218238,0.32969074406109333,0.5681338323817349,0.5521582954650578,0.18031619513039174,0.4078752897913935,0.696441301138722,6,0.014661579390060091,0.27915530000812755,0.616580514609975
mock,toy_det,counterfactual,0.7279350551996445,0.00012988723918620215,0.7277880739519279,0.7280820364473611,0.8653465346534653,0.0,0.8653465346534653,0.8653465346534653,3,0.014661579390060091,0.00013253302989713056,0.9998179660349674
mock,toy_det,fine,0.7283786642219345,0.00032532852771340997,0.7281183471839894,0.7286389812598797,0.8653465346534653,0.0,0.8653465346534653,0.8653465346534653,6,0.014661579390060091,-0.0003110759923928841,1.000427262519884
mock,toy_det,mixed,0.643510843176678,0.093238711397763,0.568904335891625,0.7181173504617309,0.770024499879371,0.10841778377984611,0.6832722051067254,0.8567767946520167,6,0.014661579390060091,0.0845567450528637,0.8838614073475208
mock,toy_det,standard,0.7280675882295417,0.00030088645517190927,0.7278268289228842,0.7283083475361991,0.8653465346534653,0.0,0.8653465346534653,0.8653465346534653,6,0.014661579390060091,0.0,1.0
