{
  "total_images_processed": 8640,
  "total_runtime_sec": 52.29557180404663,
  "artifacts": 27,
  "avg_images_per_sec": 165.2147534092253,
  "approx_gpu_hours": 0.014526547723346286,
  "gpu_type": "cpu",
  "gpu_count": 0,
  "summary_hash": "4cd14976f4df"
}