detector,dataset,granularity,mAP_mean,mAP_std,mAP_ci95_low,mAP_ci95_high,mAP50_mean,mAP50_std,mAP50_ci95_low,mAP50_ci95_high,n_vocab,granularity_variance_mAP,drop_from_standard_mAP,robustness_to_standard
mock,toy_det,coarse,0.8455315160364846,0.0,0.8455315160364846,0.8455315160364846,1.0,0.0,1.0,1.0,6,0.019858987350304332,-0.28184383867882823,1.5
mock,toy_det,fine,0.8455315160364846,0.0,0.8455315160364846,0.8455315160364846,1.0,0.0,1.0,1.0,6,0.019858987350304332,-0.28184383867882823,1.5
mock,toy_det,mixed,0.8455315160364846,0.0,0.8455315160364846,0.8455315160364846,1.0,0.0,1.0,1.0,6,0.019858987350304332,-0.28184383867882823,1.5
mock,toy_det,standard,0.5636876773576563,0.48816784839197674,0.011273753547153098,1.1161016011681597,0.6666666666666666,0.5773502691896258,0.013333333333333197,1.32,3,0.019858987350304332,0.0,1.0
