detector,dataset,granularity,mAP_mean,mAP_std,mAP_ci95_low,mAP_ci95_high,mAP50_mean,mAP50_std,mAP50_ci95_low,mAP50_ci95_high,n_vocab,granularity_variance_mAP,drop_from_standard_mAP,robustness_to_standard
mock,toy_det,coarse,0.2771667747955735,0.1097775415078909,0.18932644723780595,0.36500710235334105,0.3390453800196787,0.13240149000057802,0.2331021234023744,0.444988636636983,6,0.013582686862317768,0.26786803803443127,0.5085304062623633
mock,toy_det,counterfactual,0.5458755173312961,0.001927706431051988,0.5436941121505987,0.5480569225119936,0.6451817177685509,0.002576271142898729,0.6422663925263492,0.6480970430107527,3,0.013582686862317768,-0.0008407045012913672,1.0015424785380702
mock,toy_det,fine,0.5479991489775157,0.002702622597052229,0.5458366005096852,0.5501616974453462,0.6468046448631687,0.002807119061547567,0.6445584818094783,0.6490508079168591,6,0.013582686862317768,-0.0029643361475109042,1.0054388014815403
mock,toy_det,mixed,0.47961511619969555,0.08400088609006548,0.4124004086380064,0.5468298237613847,0.5699833815576395,0.09841816718979209,0.4912324464862337,0.6487343166290452,6,0.013582686862317768,0.06541969663030922,0.8799715264230039
mock,toy_det,standard,0.5450348128300048,0.0004464464376455537,0.544677581279898,0.5453920443801116,0.6443513512316758,0.00043166790423249715,0.6440059449711317,0.6446967574922198,6,0.013582686862317768,0.0,1.0
