detector,dataset,granularity,mAP_mean,mAP_ci95_low,mAP_ci95_high,drop_from_standard_mAP,robustness_to_standard,mAP_95ci
mock,toy_det,coarse,0.2771667747955735,0.1893264472378059,0.365007102353341,0.2678680380344312,0.5085304062623633,"0.2772 [0.1893, 0.3650]"
mock,toy_det,counterfactual,0.5458755173312961,0.5436941121505987,0.5480569225119936,-0.0008407045012913,1.0015424785380702,"0.5459 [0.5437, 0.5481]"
mock,toy_det,fine,0.5479991489775157,0.5458366005096852,0.5501616974453462,-0.0029643361475109,1.0054388014815403,"0.5480 [0.5458, 0.5502]"
mock,toy_det,mixed,0.4796151161996955,0.4124004086380064,0.5468298237613847,0.0654196966303092,0.8799715264230039,"0.4796 [0.4124, 0.5468]"
mock,toy_det,standard,0.5450348128300048,0.544677581279898,0.5453920443801116,0.0,1.0,"0.5450 [0.5447, 0.5454]"
