{
  "total_images_processed": 144,
  "total_runtime_sec": 0.4548451900482178,
  "artifacts": 6,
  "avg_images_per_sec": 316.59123400806914,
  "approx_gpu_hours": 0.00012634588612450495,
  "gpu_type": "cpu",
  "gpu_count": 0,
  "summary_hash": "923e94f50aad"
}