detector,dataset,granularity,mAP_mean,mAP_ci95_low,mAP_ci95_high,drop_from_standard_mAP,robustness_to_standard,mAP_95ci
mock,toy_det,coarse,0.4489122882214141,0.3296907440610933,0.5681338323817349,0.2791553000081275,0.616580514609975,"0.4489 [0.3297, 0.5681]"
mock,toy_det,counterfactual,0.7279350551996445,0.7277880739519279,0.7280820364473611,0.0001325330298971,0.9998179660349674,"0.7279 [0.7278, 0.7281]"
mock,toy_det,fine,0.7283786642219345,0.7281183471839894,0.7286389812598797,-0.0003110759923928,1.000427262519884,"0.7284 [0.7281, 0.7286]"
mock,toy_det,mixed,0.643510843176678,0.568904335891625,0.7181173504617309,0.0845567450528637,0.8838614073475208,"0.6435 [0.5689, 0.7181]"
mock,toy_det,standard,0.7280675882295417,0.7278268289228842,0.7283083475361991,0.0,1.0,"0.7281 [0.7278, 0.7283]"
