detector,dataset,granularity,vocab_id,mAP,mAP50,mAP75,mAP_small,mAP_medium,mAP_large,mAR_1,mAR_10,mAR_100,mAR_small,mAR_medium,mAR_large,mAP_ci_low,mAP_ci_high,mAP50_ci_low,mAP50_ci_high,num_predictions
mock,toy_det,coarse,0fc72fe0581d,0.0,0.0,0.0,-1.0,0.0,0.0,0.0,0.0,0.0,-1.0,0.0,0.0,0.0,0.0,0.0,0.0,120
mock,toy_det,coarse,1dff153c87c3,0.0,0.0,0.0,-1.0,0.0,0.0,0.0,0.0,0.0,-1.0,0.0,0.0,0.0,0.0,0.0,0.0,24
mock,toy_det,fine,14e2bfec98a1,9.706853038245e-05,0.00048534265191225,0.0,-1.0,0.0,0.00021355076684139,0.0,0.0027777777777777775,0.0027777777777777775,-1.0,0.0,0.006666666666666667,0.0,0.00030773347605030777,0.0,0.0015386673802515389,72
mock,toy_det,mixed,0543f0e26ca1,0.0,0.0,0.0,-1.0,0.0,0.0,0.0,0.0,0.0,-1.0,0.0,0.0,0.0,0.0,0.0,0.0,72
mock,toy_det,mixed,189cca78d422,0.0002357378595002357,0.002357378595002357,0.0,-1.0,0.00037718057520037715,0.0,0.0013888888888888887,0.0013888888888888887,0.0013888888888888887,-1.0,0.0023809523809523807,0.0,0.0,0.0010206755969714622,0.0,0.010206755969714622,120
mock,toy_det,standard,df6d273a01d3,0.0,0.0,0.0,-1.0,0.0,0.0,0.0,0.0,0.0,-1.0,0.0,0.0,0.0,0.0,0.0,0.0,72
