detector,dataset,granularity,mAP_mean,mAP_std,mAP50_mean,mAP50_std,n_vocab,granularity_variance_mAP,drop_from_standard_mAP
mock,toy_det,coarse,0.0,0.0,0.0,0.0,2,3.921952082995679e-09,0.0
mock,toy_det,fine,9.706853038245e-05,0.0,0.00048534265191225,0.0,1,3.921952082995679e-09,-9.706853038245e-05
mock,toy_det,mixed,0.00011786892975011785,0.00016669183903501826,0.0011786892975011785,0.0016669183903501826,2,3.921952082995679e-09,-0.00011786892975011785
mock,toy_det,standard,0.0,0.0,0.0,0.0,1,3.921952082995679e-09,0.0
