{
  "total_images_processed": 6720,
  "total_runtime_sec": 17.012996435165405,
  "artifacts": 21,
  "avg_images_per_sec": 394.9921476565963,
  "approx_gpu_hours": 0.004725832343101501,
  "gpu_type": "cpu",
  "gpu_count": 0,
  "summary_hash": "0306bfcc0ee7"
}